density,gflops
0.01,1.18297
0.02,1.27816
0.04,1.35374
0.06,1.3599
0.08,1.39662
0.10,1.40007
